,State name,Type,Count,Amount,Year
0,puducherry,TOTAL,104212,165825971.36983618,2018
1,tamil nadu,TOTAL,6726622,11261557697.516891,2018
2,uttar pradesh,TOTAL,12537805,13939970923.223106,2018
3,madhya pradesh,TOTAL,8025395,8681603403.446348,2018
4,andhra pradesh,TOTAL,9039585,11996276391.823706,2018
5,tripura,TOTAL,148157,137978914.53062224,2018
6,lakshadweep,TOTAL,778,1928611.1808777403,2018
7,manipur,TOTAL,84069,128046173.93020926,2018
8,maharashtra,TOTAL,16387034,21711613257.725674,2018
9,dadra & nagar haveli & daman & diu,TOTAL,148549,175658384.10921687,2018
10,meghalaya,TOTAL,49571,66250259.78990036,2018
11,andaman & nicobar islands,TOTAL,6658,14631761.22198579,2018
12,haryana,TOTAL,4480770,6793511514.660528,2018
13,rajasthan,TOTAL,7591690,8926293130.726837,2018
14,ladakh,TOTAL,6089,12532857.771114783,2018
15,punjab,TOTAL,1870433,2780758224.854389,2018
16,assam,TOTAL,1056881,1157804456.212469,2018
17,jharkhand,TOTAL,2178921,2374186389.9194,2018
18,odisha,TOTAL,5809821,4627632210.887628,2018
19,bihar,TOTAL,5824302,6045758172.017314,2018
20,kerala,TOTAL,1771380,2402674753.100502,2018
21,karnataka,TOTAL,12016899,19217895314.012802,2018
22,chandigarh,TOTAL,381895,613435420.8676233,2018
23,telangana,TOTAL,8522766,13308204118.542435,2018
24,himachal pradesh,TOTAL,481918,628737806.3723404,2018
25,west bengal,TOTAL,11710225,10625978552.140453,2018
26,gujarat,TOTAL,5948775,7577982255.034092,2018
27,sikkim,TOTAL,44078,64650938.94036834,2018
28,nagaland,TOTAL,42845,78005891.08612517,2018
29,mizoram,TOTAL,18561,45227219.975790836,2018
30,chhattisgarh,TOTAL,1891514,2149155557.2367463,2018
31,jammu & kashmir,TOTAL,941568,1005371239.2561305,2018
32,goa,TOTAL,160897,303856742.34308386,2018
33,arunachal pradesh,TOTAL,45497,92387336.00940911,2018
34,delhi,TOTAL,7122754,11211503806.91996,2018
35,uttarakhand,TOTAL,1246685,1508545358.5238864,2018
36,puducherry,TOTAL,130261,285801119.5324367,2018
37,tamil nadu,TOTAL,9992128,20125844276.267662,2018
38,uttar pradesh,TOTAL,17710943,25720201695.701435,2018
39,madhya pradesh,TOTAL,10561412,15924081066.680986,2018
40,andhra pradesh,TOTAL,12353918,22883914272.633617,2018
41,tripura,TOTAL,214559,236891718.7161358,2018
42,lakshadweep,TOTAL,2132,6187809.539400538,2018
43,manipur,TOTAL,151721,253209721.319494,2018
44,maharashtra,TOTAL,22285740,36357057241.12254,2018
45,dadra & nagar haveli & daman & diu,TOTAL,202626,302070771.6561514,2018
46,meghalaya,TOTAL,67857,117004667.8418316,2018
47,andaman & nicobar islands,TOTAL,11340,28338535.507953547,2018
48,haryana,TOTAL,6150931,11320414442.116663,2018
49,rajasthan,TOTAL,9973697,15559086175.75962,2018
50,ladakh,TOTAL,15010,47334902.5377415,2018
51,punjab,TOTAL,2581163,4684672212.007125,2018
52,assam,TOTAL,1663873,2350585135.537811,2018
53,jharkhand,TOTAL,3152080,4721575659.062912,2018
54,odisha,TOTAL,8158144,8488310339.620239,2018
55,bihar,TOTAL,8632378,13506131109.672922,2018
56,kerala,TOTAL,2308165,3886923343.44263,2018
57,karnataka,TOTAL,17116447,33515580081.29709,2018
58,chandigarh,TOTAL,479084,961223261.74473,2018
59,telangana,TOTAL,10764670,23017201517.652737,2018
60,himachal pradesh,TOTAL,687695,1183169301.3511178,2018
61,west bengal,TOTAL,18082446,18629183470.204285,2018
62,gujarat,TOTAL,7745733,12162684771.641388,2018
63,sikkim,TOTAL,74578,143693085.52979562,2018
64,nagaland,TOTAL,65599,153325577.88030174,2018
65,mizoram,TOTAL,27051,83508405.55773437,2018
66,chhattisgarh,TOTAL,2816156,4264170443.1617327,2018
67,jammu & kashmir,TOTAL,1796326,2651206236.5028934,2018
68,goa,TOTAL,229575,478603825.35861486,2018
69,arunachal pradesh,TOTAL,82157,198970192.34204656,2018
70,delhi,TOTAL,9373723,17446299902.205147,2018
71,uttarakhand,TOTAL,1704122,2679755378.5510764,2018
72,puducherry,TOTAL,190271,417658075.4942067,2018
73,tamil nadu,TOTAL,15774078,29330092241.18405,2018
74,uttar pradesh,TOTAL,26515356,37012114369.23937,2018
75,madhya pradesh,TOTAL,17126985,24149742204.67322,2018
76,andhra pradesh,TOTAL,25626061,35718044599.21416,2018
77,tripura,TOTAL,377703,453863388.04059243,2018
78,lakshadweep,TOTAL,1703,4339032.3119858485,2018
79,manipur,TOTAL,189258,383331244.79412293,2018
80,maharashtra,TOTAL,31538538,52260817733.24835,2018
81,dadra & nagar haveli & daman & diu,TOTAL,289575,447639595.67817545,2018
82,meghalaya,TOTAL,110290,209853661.53439403,2018
83,andaman & nicobar islands,TOTAL,16265,55557471.13431113,2018
84,haryana,TOTAL,8262024,16375139007.627964,2018
85,rajasthan,TOTAL,14257098,24040768671.212967,2018
86,ladakh,TOTAL,24864,84090977.14484604,2018
87,punjab,TOTAL,3462108,7065687043.821184,2018
88,assam,TOTAL,2351851,3811134989.9142647,2018
89,jharkhand,TOTAL,8122621,8661571417.704563,2018
90,odisha,TOTAL,30052155,23094515775.585766,2018
91,bihar,TOTAL,14367804,20135804378.90174,2018
92,kerala,TOTAL,3134348,5323025223.875498,2018
93,karnataka,TOTAL,25980261,48225091755.80772,2018
94,chandigarh,TOTAL,616936,1369354447.5343118,2018
95,telangana,TOTAL,19332703,32030093209.72354,2018
96,himachal pradesh,TOTAL,886754,1754041432.858025,2018
97,west bengal,TOTAL,53705416,41843934183.177635,2018
98,gujarat,TOTAL,11334149,17866404426.27552,2018
99,sikkim,TOTAL,108500,235080226.95331776,2018
100,nagaland,TOTAL,94371,241792742.9366532,2018
101,mizoram,TOTAL,39316,116600738.12539022,2018
102,chhattisgarh,TOTAL,3859604,6302307073.446348,2018
103,jammu & kashmir,TOTAL,2303961,3934700999.457677,2018
104,goa,TOTAL,339511,713166969.2382338,2018
105,arunachal pradesh,TOTAL,131146,331726406.7413912,2018
106,delhi,TOTAL,18547048,27375846860.618515,2018
107,uttarakhand,TOTAL,2229132,3726573039.8585143,2018
108,puducherry,TOTAL,307964,625691665.4234949,2018
109,tamil nadu,TOTAL,22457444,43302073975.890976,2018
110,uttar pradesh,TOTAL,36100767,55096743575.91497,2018
111,madhya pradesh,TOTAL,21397555,33905608072.964783,2018
112,andhra pradesh,TOTAL,30759548,51473779406.840416,2018
113,tripura,TOTAL,448059,624885599.4644469,2018
114,lakshadweep,TOTAL,1642,4463213.698222831,2018
115,manipur,TOTAL,236110,605683559.3060112,2018
116,maharashtra,TOTAL,46090223,79518937047.82959,2018
117,dadra & nagar haveli & daman & diu,TOTAL,404082,658750616.8008878,2018
118,meghalaya,TOTAL,161132,337585679.00467324,2018
119,andaman & nicobar islands,TOTAL,23758,90548336.07445517,2018
120,haryana,TOTAL,12950183,25390876016.455025,2018
121,rajasthan,TOTAL,20959723,37909087083.33885,2018
122,ladakh,TOTAL,35211,135522842.49263746,2018
123,punjab,TOTAL,4887137,10781982573.649624,2018
124,assam,TOTAL,3734172,5888022859.01307,2018
125,jharkhand,TOTAL,6284043,10241916641.12223,2018
126,odisha,TOTAL,21142798,23429869571.55922,2018
127,bihar,TOTAL,15732401,28397997168.57623,2018
128,kerala,TOTAL,4310654,7747361236.812299,2018
129,karnataka,TOTAL,44812071,73008386576.05942,2018
130,chandigarh,TOTAL,905116,2032591591.779975,2018
131,telangana,TOTAL,28921154,49509088448.04927,2018
132,himachal pradesh,TOTAL,1307883,2621298968.1392584,2018
133,west bengal,TOTAL,36513548,40489619211.70402,2018
134,gujarat,TOTAL,14733303,24830987102.78186,2018
135,sikkim,TOTAL,154533,383141358.07825375,2018
136,nagaland,TOTAL,139333,388013467.5456239,2018
137,mizoram,TOTAL,55242,190426852.52952954,2018
138,chhattisgarh,TOTAL,5365844,9416412664.971258,2018
139,jammu & kashmir,TOTAL,2721310,5664720265.697432,2018
140,goa,TOTAL,514755,1153005078.9224057,2018
141,arunachal pradesh,TOTAL,176429,504040029.0917605,2018
142,delhi,TOTAL,29187719,39722857618.706436,2018
143,uttarakhand,TOTAL,3178761,5654272137.963844,2018
144,puducherry,TOTAL,501092,906473024.3065231,2019
145,tamil nadu,TOTAL,32275045,56204036816.128555,2019
146,uttar pradesh,TOTAL,57324504,76524180134.0167,2019
147,madhya pradesh,TOTAL,37301049,48070279522.04201,2019
148,andhra pradesh,TOTAL,57264522,83760595917.0792,2019
149,tripura,TOTAL,580926,756894941.6158216,2019
150,lakshadweep,TOTAL,2481,8786130.479338994,2019
151,manipur,TOTAL,265409,659898060.4240801,2019
152,maharashtra,TOTAL,75079069,111420690920.33997,2019
153,dadra & nagar haveli & daman & diu,TOTAL,661814,843369776.0499002,2019
154,meghalaya,TOTAL,208741,399037162.15343595,2019
155,andaman & nicobar islands,TOTAL,30486,102299740.67348987,2019
156,haryana,TOTAL,22135775,34051655721.631077,2019
157,rajasthan,TOTAL,43956040,61141158575.55252,2019
158,ladakh,TOTAL,46145,152859920.9491272,2019
159,punjab,TOTAL,7172137,13574490001.853222,2019
160,assam,TOTAL,4533005,8002099536.451059,2019
161,jharkhand,TOTAL,9387708,13627236449.278034,2019
162,odisha,TOTAL,34031942,35427127930.698456,2019
163,bihar,TOTAL,26356234,41502827514.52612,2019
164,kerala,TOTAL,6469039,10235031134.849785,2019
165,karnataka,TOTAL,86587609,117976382145.74966,2019
166,chandigarh,TOTAL,1274476,2396032050.444029,2019
167,telangana,TOTAL,65290702,95523262035.66321,2019
168,himachal pradesh,TOTAL,2168718,3381481442.991081,2019
169,west bengal,TOTAL,47626388,50164672623.87851,2019
170,gujarat,TOTAL,24991451,35856080308.47724,2019
171,sikkim,TOTAL,240287,457993634.3840939,2019
172,nagaland,TOTAL,168579,441941712.41233104,2019
173,mizoram,TOTAL,70306,218160895.39740258,2019
174,chhattisgarh,TOTAL,7887669,12544556385.328796,2019
175,jammu & kashmir,TOTAL,3584987,5951835476.521047,2019
176,goa,TOTAL,738812,1475323397.276577,2019
177,arunachal pradesh,TOTAL,226506,609950106.3139492,2019
178,delhi,TOTAL,47007327,58469131789.49733,2019
179,uttarakhand,TOTAL,5546001,7183529175.274033,2019
180,puducherry,TOTAL,580077,1211446910.127807,2019
181,tamil nadu,TOTAL,32171737,64207676025.75553,2019
182,uttar pradesh,TOTAL,58883500,98917519370.67831,2019
183,madhya pradesh,TOTAL,40846013,68334566380.56182,2019
184,andhra pradesh,TOTAL,56409015,113634518758.22931,2019
185,tripura,TOTAL,532558,841821482.8473747,2019
186,lakshadweep,TOTAL,2926,9242524.13698889,2019
187,manipur,TOTAL,257425,722789942.1495004,2019
188,maharashtra,TOTAL,101149853,153294470088.05945,2019
189,dadra & nagar haveli & daman & diu,TOTAL,489656,824441276.56507,2019
190,meghalaya,TOTAL,232286,492931289.1072781,2019
191,andaman & nicobar islands,TOTAL,33689,120254709.6756632,2019
192,haryana,TOTAL,22741816,42501539813.21669,2019
193,rajasthan,TOTAL,50009286,89107313172.66756,2019
194,ladakh,TOTAL,68772,259255506.9974248,2019
195,punjab,TOTAL,8509830,18614793394.772213,2019
196,assam,TOTAL,5454929,10954969189.126175,2019
197,jharkhand,TOTAL,10128211,18622701305.54623,2019
198,odisha,TOTAL,29512024,44754854871.67608,2019
199,bihar,TOTAL,29960479,63132438283.54397,2019
200,kerala,TOTAL,7283826,13031371561.185568,2019
201,karnataka,TOTAL,115401604,163702024226.0841,2019
202,chandigarh,TOTAL,1252470,2693116098.9444556,2019
203,telangana,TOTAL,89610379,155676443182.43457,2019
204,himachal pradesh,TOTAL,2502306,4875883973.61058,2019
205,west bengal,TOTAL,47023535,57105691119.11844,2019
206,gujarat,TOTAL,28981842,49320615219.26732,2019
207,sikkim,TOTAL,388244,738894243.4359412,2019
208,nagaland,TOTAL,188753,520066682.1585048,2019
209,mizoram,TOTAL,75671,248016708.13501447,2019
210,chhattisgarh,TOTAL,9389945,17002355688.82225,2019
211,jammu & kashmir,TOTAL,2296355,6100142201.563448,2019
212,goa,TOTAL,768441,1591867103.3876143,2019
213,arunachal pradesh,TOTAL,258656,752655874.3550282,2019
214,delhi,TOTAL,57171512,81706816063.62862,2019
215,uttarakhand,TOTAL,4813275,8588532850.9184885,2019
216,puducherry,TOTAL,716826,1460708357.4554102,2019
217,tamil nadu,TOTAL,41410183,78959604643.63503,2019
218,uttar pradesh,TOTAL,68623959,111268137475.02843,2019
219,madhya pradesh,TOTAL,53610411,77676321491.22867,2019
220,andhra pradesh,TOTAL,76288614,139447944254.78943,2019
221,tripura,TOTAL,711717,1017377422.817224,2019
222,lakshadweep,TOTAL,3104,9651761.463768471,2019
223,manipur,TOTAL,345008,863552002.562933,2019
224,maharashtra,TOTAL,148735581,199617506744.94272,2019
225,dadra & nagar haveli & daman & diu,TOTAL,638751,961471473.8483732,2019
226,meghalaya,TOTAL,306550,612218602.153532,2019
227,andaman & nicobar islands,TOTAL,33770,114071776.08729392,2019
228,haryana,TOTAL,30343531,52489119199.44011,2019
229,rajasthan,TOTAL,67303617,112468290031.92343,2019
230,ladakh,TOTAL,92396,331129527.19382226,2019
231,punjab,TOTAL,10706812,22905815605.843315,2019
232,assam,TOTAL,5942571,12950443620.426579,2019
233,jharkhand,TOTAL,14220647,21465973993.35938,2019
234,odisha,TOTAL,41422272,57304577359.217094,2019
235,bihar,TOTAL,32139900,67692783254.273834,2019
236,kerala,TOTAL,9286096,16429809722.064445,2019
237,karnataka,TOTAL,170733735,214536720438.18292,2019
238,chandigarh,TOTAL,1506543,3269682087.6608405,2019
239,telangana,TOTAL,121495376,201930021130.42365,2019
240,himachal pradesh,TOTAL,2735180,5572018781.123304,2019
241,west bengal,TOTAL,66444829,70540532616.82985,2019
242,gujarat,TOTAL,38228649,59462694964.26753,2019
243,sikkim,TOTAL,552436,884716448.4404289,2019
244,nagaland,TOTAL,261878,650956471.7134112,2019
245,mizoram,TOTAL,98094,278793899.9513421,2019
246,chhattisgarh,TOTAL,12243111,19803259167.45372,2019
247,jammu & kashmir,TOTAL,1116526,3744230491.7824554,2019
248,goa,TOTAL,1092416,2000367191.496843,2019
249,arunachal pradesh,TOTAL,370234,912645034.7958709,2019
250,delhi,TOTAL,69537876,103196812046.45712,2019
251,uttarakhand,TOTAL,5710476,9729032070.017406,2019
252,puducherry,TOTAL,1012655,1932028317.878899,2019
253,tamil nadu,TOTAL,56596411,103190865512.53719,2019
254,uttar pradesh,TOTAL,86905005,145538926507.3059,2019
255,madhya pradesh,TOTAL,68131989,104687926790.86589,2019
256,andhra pradesh,TOTAL,107218103,200948315488.80518,2019
257,tripura,TOTAL,801824,1215400160.2581887,2019
258,lakshadweep,TOTAL,3765,11269913.40492385,2019
259,manipur,TOTAL,449344,1200897682.088641,2019
260,maharashtra,TOTAL,201260620,272994428799.5649,2019
261,dadra & nagar haveli & daman & diu,TOTAL,768971,1226641262.0110402,2019
262,meghalaya,TOTAL,365981,742436471.7902198,2019
263,andaman & nicobar islands,TOTAL,35159,136838530.5173779,2019
264,haryana,TOTAL,37825985,69359719869.10008,2019
265,rajasthan,TOTAL,85074242,159452410049.68317,2019
266,ladakh,TOTAL,84706,324689360.02811134,2019
267,punjab,TOTAL,13698625,29989802246.19331,2019
268,assam,TOTAL,6760510,15281983895.512564,2019
269,jharkhand,TOTAL,18248618,28147748376.677704,2019
270,odisha,TOTAL,64995633,79769373632.04843,2019
271,bihar,TOTAL,43530314,93313426577.80905,2019
272,kerala,TOTAL,12498637,21151326637.805134,2019
273,karnataka,TOTAL,237796252,295047143447.23846,2019
274,chandigarh,TOTAL,1850915,4152513817.939354,2019
275,telangana,TOTAL,163572258,280746765547.7425,2019
276,himachal pradesh,TOTAL,3516646,7271163537.248161,2019
277,west bengal,TOTAL,96805838,88203610254.64601,2019
278,gujarat,TOTAL,42547632,76690662054.91542,2019
279,sikkim,TOTAL,767070,1176509601.6562185,2019
280,nagaland,TOTAL,317170,834537138.3487777,2019
281,mizoram,TOTAL,125239,368689350.6344881,2019
282,chhattisgarh,TOTAL,16305758,27143788737.21397,2019
283,jammu & kashmir,TOTAL,489928,1929695997.8225975,2019
284,goa,TOTAL,1515272,2923460348.4994645,2019
285,arunachal pradesh,TOTAL,459475,1190573179.5272837,2019
286,delhi,TOTAL,80744997,129024467424.89062,2019
287,uttarakhand,TOTAL,7362116,12573706305.150612,2019
288,puducherry,TOTAL,1207921,2205277477.079584,2020
289,tamil nadu,TOTAL,66953473,116569686179.4346,2020
290,uttar pradesh,TOTAL,97239132,172416434960.69037,2020
291,madhya pradesh,TOTAL,79366746,126737281436.18526,2020
292,andhra pradesh,TOTAL,127677357,252737214289.0485,2020
293,tripura,TOTAL,924502,1588778806.3885012,2020
294,lakshadweep,TOTAL,5151,13502368.57450421,2020
295,manipur,TOTAL,818801,2598590380.8769474,2020
296,maharashtra,TOTAL,238944081,319995196718.0683,2020
297,dadra & nagar haveli & daman & diu,TOTAL,878579,1342763369.292519,2020
298,meghalaya,TOTAL,502283,1120134840.9078057,2020
299,andaman & nicobar islands,TOTAL,41298,161476312.2972747,2020
300,haryana,TOTAL,44036087,81976214558.24355,2020
301,rajasthan,TOTAL,102258812,190308238561.00217,2020
302,ladakh,TOTAL,116419,377639677.4457431,2020
303,punjab,TOTAL,15217784,31374185265.899654,2020
304,assam,TOTAL,8808860,20668428347.72898,2020
305,jharkhand,TOTAL,18282713,33611232153.269115,2020
306,odisha,TOTAL,53682307,91956798199.33679,2020
307,bihar,TOTAL,45081815,109256853527.24524,2020
308,kerala,TOTAL,15733522,26451084830.93425,2020
309,karnataka,TOTAL,271033890,353402054999.4004,2020
310,chandigarh,TOTAL,2262511,5126453070.016205,2020
311,telangana,TOTAL,199409525,371343780368.2118,2020
312,himachal pradesh,TOTAL,4144480,7419466751.122733,2020
313,west bengal,TOTAL,66250381,96653305190.9406,2020
314,gujarat,TOTAL,47326417,86995076621.90231,2020
315,sikkim,TOTAL,528118,1053476271.9444009,2020
316,nagaland,TOTAL,378051,894780028.7343724,2020
317,mizoram,TOTAL,153609,392077579.3496374,2020
318,chhattisgarh,TOTAL,19523991,32860597671.356686,2020
319,jammu & kashmir,TOTAL,921630,2937643176.534005,2020
320,goa,TOTAL,1881237,3410371231.9237647,2020
321,arunachal pradesh,TOTAL,567175,1381758681.3301477,2020
322,delhi,TOTAL,81747604,133616543642.58943,2020
323,uttarakhand,TOTAL,9131784,16158080258.987526,2020
324,puducherry,TOTAL,1033383,1960030980.4875922,2020
325,tamil nadu,TOTAL,51870110,95826508896.84135,2020
326,uttar pradesh,TOTAL,100851965,178744016130.31216,2020
327,madhya pradesh,TOTAL,76340573,147922015289.08447,2020
328,andhra pradesh,TOTAL,144917855,302583689746.5449,2020
329,tripura,TOTAL,1052520,1769175883.585958,2020
330,lakshadweep,TOTAL,7220,16942922.08594439,2020
331,manipur,TOTAL,1083068,3198936212.8055243,2020
332,maharashtra,TOTAL,184790761,296359517159.41614,2020
333,dadra & nagar haveli & daman & diu,TOTAL,973152,1302376453.8880572,2020
334,meghalaya,TOTAL,635395,1153735154.3383913,2020
335,andaman & nicobar islands,TOTAL,62962,169645001.41414702,2020
336,haryana,TOTAL,41781050,80711264923.94525,2020
337,rajasthan,TOTAL,101954656,193763273003.28284,2020
338,ladakh,TOTAL,155010,523792998.6520228,2020
339,punjab,TOTAL,14081294,30284654252.21334,2020
340,assam,TOTAL,10505199,19766300125.91926,2020
341,jharkhand,TOTAL,20141511,37486201975.923416,2020
342,odisha,TOTAL,50028576,91733036612.10583,2020
343,bihar,TOTAL,53386742,128806523628.85287,2020
344,kerala,TOTAL,16287967,25894078478.599953,2020
345,karnataka,TOTAL,213221712,321104877020.14185,2020
346,chandigarh,TOTAL,1528010,3847015729.690074,2020
347,telangana,TOTAL,152055143,321531839352.4224,2020
348,himachal pradesh,TOTAL,4695730,8036904762.544065,2020
349,west bengal,TOTAL,57676797,100099431877.35757,2020
350,gujarat,TOTAL,47420185,80387846359.49454,2020
351,sikkim,TOTAL,517731,1054618788.2612653,2020
352,nagaland,TOTAL,517566,1137674504.3478017,2020
353,mizoram,TOTAL,198462,457193433.4423174,2020
354,chhattisgarh,TOTAL,18820925,32268382206.900894,2020
355,jammu & kashmir,TOTAL,2635006,8265648939.258666,2020
356,goa,TOTAL,1482092,2183616430.016773,2020
357,arunachal pradesh,TOTAL,808774,1826716832.9849606,2020
358,delhi,TOTAL,66042018,107873438203.33162,2020
359,uttarakhand,TOTAL,9047770,16094187702.100985,2020
360,puducherry,TOTAL,1730902,3598080229.434597,2020
361,tamil nadu,TOTAL,70277825,143841415498.65747,2020
362,uttar pradesh,TOTAL,127405259,248689955423.05322,2020
363,madhya pradesh,TOTAL,108579881,205701679984.53757,2020
364,andhra pradesh,TOTAL,204902935,467084130584.93884,2020
365,tripura,TOTAL,1317885,2341819516.215885,2020
366,lakshadweep,TOTAL,8589,21306833.308656827,2020
367,manipur,TOTAL,1420168,4615976120.870485,2020
368,maharashtra,TOTAL,268310924,440307079012.4761,2020
369,dadra & nagar haveli & daman & diu,TOTAL,1138312,1749789114.9993598,2020
370,meghalaya,TOTAL,597579,1237059001.3830369,2020
371,andaman & nicobar islands,TOTAL,117483,338019446.3303601,2020
372,haryana,TOTAL,57938179,109567950445.72871,2020
373,rajasthan,TOTAL,149088676,293678306162.4698,2020
374,ladakh,TOTAL,228222,835487500.058193,2020
375,punjab,TOTAL,17209573,40123092147.81354,2020
376,assam,TOTAL,12397711,29831391259.543846,2020
377,jharkhand,TOTAL,27068473,50622615820.01348,2020
378,odisha,TOTAL,66033829,122463943804.29193,2020
379,bihar,TOTAL,71503748,173328865111.8144,2020
380,kerala,TOTAL,21758680,40164150651.95372,2020
381,karnataka,TOTAL,300360531,470740515696.6945,2020
382,chandigarh,TOTAL,2158086,5089809353.36507,2020
383,telangana,TOTAL,236372126,505961144755.88367,2020
384,himachal pradesh,TOTAL,5489876,10516054014.086905,2020
385,west bengal,TOTAL,79954504,156813355855.1383,2020
386,gujarat,TOTAL,59290179,111921752484.70932,2020
387,sikkim,TOTAL,596435,1400926728.6603994,2020
388,nagaland,TOTAL,736319,2009649143.1547942,2020
389,mizoram,TOTAL,254703,707944175.5046022,2020
390,chhattisgarh,TOTAL,24148539,41526744807.53401,2020
391,jammu & kashmir,TOTAL,3465898,11977229760.872362,2020
392,goa,TOTAL,1915531,3368343580.9446573,2020
393,arunachal pradesh,TOTAL,962827,2609938565.55822,2020
394,delhi,TOTAL,96491861,175163962804.6604,2020
395,uttarakhand,TOTAL,11818935,22103510968.006454,2020
396,puducherry,TOTAL,2716003,4930526217.671207,2020
397,tamil nadu,TOTAL,111179701,206473197500.99268,2020
398,uttar pradesh,TOTAL,178167517,357428826778.2578,2020
399,madhya pradesh,TOTAL,153652541,284275139772.3589,2020
400,andhra pradesh,TOTAL,286118552,654841546033.3186,2020
401,tripura,TOTAL,1651890,3182130996.2213116,2020
402,lakshadweep,TOTAL,11650,30111317.917080387,2020
403,manipur,TOTAL,1627852,5602224558.458768,2020
404,maharashtra,TOTAL,407621004,622155530832.2585,2020
405,dadra & nagar haveli & daman & diu,TOTAL,1817791,2700511100.828503,2020
406,meghalaya,TOTAL,754008,1804242572.1989727,2020
407,andaman & nicobar islands,TOTAL,224531,627282656.3148524,2020
408,haryana,TOTAL,83171439,159998504366.53964,2020
409,rajasthan,TOTAL,190283435,386034779836.48376,2020
410,ladakh,TOTAL,332134,1111963470.5079594,2020
411,punjab,TOTAL,22997925,53775406479.553894,2020
412,assam,TOTAL,15423454,40226611319.263756,2020
413,jharkhand,TOTAL,39431633,72805174830.04245,2020
414,odisha,TOTAL,92324950,178302663014.6175,2020
415,bihar,TOTAL,96591673,238905613136.47186,2020
416,kerala,TOTAL,33288187,56755256647.011795,2020
417,karnataka,TOTAL,431536984,658036698565.0032,2020
418,chandigarh,TOTAL,2912716,6146762901.349345,2020
419,telangana,TOTAL,343643787,696350439226.9453,2020
420,himachal pradesh,TOTAL,7272328,13989053108.813015,2020
421,west bengal,TOTAL,100340645,199165491365.6468,2020
422,gujarat,TOTAL,77828547,148393060112.4366,2020
423,sikkim,TOTAL,735035,1919275805.122922,2020
424,nagaland,TOTAL,847825,2773084870.5627017,2020
425,mizoram,TOTAL,322607,986522115.6939572,2020
426,chhattisgarh,TOTAL,35529636,62214974283.94806,2020
427,jammu & kashmir,TOTAL,5754444,15380905803.378227,2020
428,goa,TOTAL,3801381,6899792747.579928,2020
429,arunachal pradesh,TOTAL,1209129,3570264021.8456187,2020
430,delhi,TOTAL,120540417,216265088224.5436,2020
431,uttarakhand,TOTAL,17613271,31792739329.110085,2020
432,puducherry,TOTAL,3309432,5899309571.743641,2021
433,tamil nadu,TOTAL,136556674,248668143873.65317,2021
434,uttar pradesh,TOTAL,204499547,396287587577.5575,2021
435,madhya pradesh,TOTAL,201998498,343533954382.3015,2021
436,andhra pradesh,TOTAL,289747970,672444670176.5881,2021
437,tripura,TOTAL,1511423,3335341569.793424,2021
438,lakshadweep,TOTAL,9085,27042782.914081153,2021
439,manipur,TOTAL,2303535,7070287514.479244,2021
440,maharashtra,TOTAL,517860240,769887352153.2483,2021
441,dadra & nagar haveli & daman & diu,TOTAL,1925244,2965632911.1935043,2021
442,meghalaya,TOTAL,747646,2055515277.9898345,2021
443,andaman & nicobar islands,TOTAL,244752,783706567.3897561,2021
444,haryana,TOTAL,90252784,168938301082.4288,2021
445,rajasthan,TOTAL,252730919,491492581657.63354,2021
446,ladakh,TOTAL,275415,983419813.2468786,2021
447,punjab,TOTAL,26770835,58690887091.106735,2021
448,assam,TOTAL,19512060,51326464546.12217,2021
449,jharkhand,TOTAL,44621663,83749353123.13824,2021
450,odisha,TOTAL,111460358,213397736188.33783,2021
451,bihar,TOTAL,114932477,280973649701.2259,2021
452,kerala,TOTAL,42316342,69260970161.89497,2021
453,karnataka,TOTAL,523797492,754995357412.3948,2021
454,chandigarh,TOTAL,3970237,7596420859.545994,2021
455,telangana,TOTAL,412572110,799359264046.5657,2021
456,himachal pradesh,TOTAL,7614029,14120546909.487547,2021
457,west bengal,TOTAL,118254052,242937207475.5198,2021
458,gujarat,TOTAL,94774565,183700780713.44968,2021
459,sikkim,TOTAL,800189,2217667726.8407273,2021
460,nagaland,TOTAL,975897,3107450484.613187,2021
461,mizoram,TOTAL,329575,1101105586.9459367,2021
462,chhattisgarh,TOTAL,39436437,69409843261.55008,2021
463,jammu & kashmir,TOTAL,6997570,17138349893.151793,2021
464,goa,TOTAL,5331549,9757242879.021431,2021
465,arunachal pradesh,TOTAL,1177456,3813779079.0166435,2021
466,delhi,TOTAL,157359004,266928345043.49225,2021
467,uttarakhand,TOTAL,20608402,36288189399.89833,2021
468,puducherry,TOTAL,3751387,6498834696.543897,2021
469,tamil nadu,TOTAL,146158442,263487341026.54623,2021
470,uttar pradesh,TOTAL,241949131,482172489166.39343,2021
471,madhya pradesh,TOTAL,223314680,425500768035.631,2021
472,andhra pradesh,TOTAL,352767134,850737499108.2986,2021
473,tripura,TOTAL,1744429,3468154361.036266,2021
474,lakshadweep,TOTAL,11384,27383463.657951534,2021
475,manipur,TOTAL,3086275,7889827962.396657,2021
476,maharashtra,TOTAL,573616486,915115055623.7152,2021
477,dadra & nagar haveli & daman & diu,TOTAL,2125083,3157668461.418905,2021
478,meghalaya,TOTAL,909594,2193617254.8905916,2021
479,andaman & nicobar islands,TOTAL,341414,899147016.1122956,2021
480,haryana,TOTAL,105680856,200357354238.6818,2021
481,rajasthan,TOTAL,287477039,561702765169.2324,2021
482,ladakh,TOTAL,399716,1427259095.4703174,2021
483,punjab,TOTAL,32171248,69531058562.6159,2021
484,assam,TOTAL,25432905,59192473376.66449,2021
485,jharkhand,TOTAL,54002145,104432643311.45735,2021
486,odisha,TOTAL,131824337,245864117477.27853,2021
487,bihar,TOTAL,155603622,374580255186.58875,2021
488,kerala,TOTAL,47191033,74226806436.15614,2021
489,karnataka,TOTAL,530649046,837887151230.051,2021
490,chandigarh,TOTAL,4417547,8417673939.9361,2021
491,telangana,TOTAL,495867544,1027958332797.5902,2021
492,himachal pradesh,TOTAL,9483902,16495634539.809265,2021
493,west bengal,TOTAL,141897437,279434811058.5615,2021
494,gujarat,TOTAL,111841396,210162054552.1156,2021
495,sikkim,TOTAL,976714,2424899579.6753,2021
496,nagaland,TOTAL,1130791,3156293963.781851,2021
497,mizoram,TOTAL,394340,1122874473.3020918,2021
498,chhattisgarh,TOTAL,44689420,78728771259.22594,2021
499,jammu & kashmir,TOTAL,10027819,22813755428.591625,2021
500,goa,TOTAL,4710135,8012853587.075999,2021
501,arunachal pradesh,TOTAL,1568338,4456425616.994377,2021
502,delhi,TOTAL,170157264,281941097684.5416,2021
503,uttarakhand,TOTAL,24000432,40990817874.83847,2021
504,puducherry,TOTAL,5121726,8729974431.01447,2021
505,tamil nadu,TOTAL,204357404,365207323053.92737,2021
506,uttar pradesh,TOTAL,306543384,557080841279.8989,2021
507,madhya pradesh,TOTAL,311443334,504412603851.499,2021
508,andhra pradesh,TOTAL,432032550,984218035564.122,2021
509,tripura,TOTAL,2081200,4364133768.181473,2021
510,lakshadweep,TOTAL,13370,38803163.698768154,2021
511,manipur,TOTAL,3941396,10406861028.904892,2021
512,maharashtra,TOTAL,792874060,1159257305167.4517,2021
513,dadra & nagar haveli & daman & diu,TOTAL,3129470,4305939102.791508,2021
514,meghalaya,TOTAL,1097731,2769000451.527979,2021
515,andaman & nicobar islands,TOTAL,449764,1310024395.8016036,2021
516,haryana,TOTAL,140459693,240827092259.20697,2021
517,rajasthan,TOTAL,400284753,710511328542.4896,2021
518,ladakh,TOTAL,590987,2213984743.93459,2021
519,punjab,TOTAL,42533489,85992560840.61221,2021
520,assam,TOTAL,33504441,75700499273.30748,2021
521,jharkhand,TOTAL,70795702,121891015118.8533,2021
522,odisha,TOTAL,177362674,303780718933.0267,2021
523,bihar,TOTAL,187671113,397062760956.3983,2021
524,kerala,TOTAL,63028266,101686161773.12894,2021
525,karnataka,TOTAL,753296539,1133234739157.5984,2021
526,chandigarh,TOTAL,6649378,11815883004.693302,2021
527,telangana,TOTAL,622886768,1178289126292.262,2021
528,himachal pradesh,TOTAL,12064167,21310262071.128155,2021
529,west bengal,TOTAL,181712988,362457066256.5059,2021
530,gujarat,TOTAL,149248407,272624626113.58765,2021
531,sikkim,TOTAL,1160594,2989336863.8083954,2021
532,nagaland,TOTAL,1356792,3987416848.005447,2021
533,mizoram,TOTAL,478529,1473748650.2119522,2021
534,chhattisgarh,TOTAL,64237938,104606108262.77591,2021
535,jammu & kashmir,TOTAL,13151041,31598443648.03224,2021
536,goa,TOTAL,6467763,10478425592.936367,2021
537,arunachal pradesh,TOTAL,1906967,5678124175.298816,2021
538,delhi,TOTAL,238760608,383858316548.281,2021
539,uttarakhand,TOTAL,31042284,50527496783.56469,2021
540,puducherry,TOTAL,6368810,10423651801.230518,2021
541,tamil nadu,TOTAL,259155976,443723952594.79407,2021
542,uttar pradesh,TOTAL,406157932,773890970072.1896,2021
543,madhya pradesh,TOTAL,404308084,656887492404.479,2021
544,andhra pradesh,TOTAL,522254003,1156264447083.9226,2021
545,tripura,TOTAL,2520693,5496929464.299448,2021
546,lakshadweep,TOTAL,15470,50998185.528381005,2021
547,manipur,TOTAL,4687439,12658472038.211857,2021
548,maharashtra,TOTAL,1010731502,1475358473128.29,2021
549,dadra & nagar haveli & daman & diu,TOTAL,4157085,5565839386.3306675,2021
550,meghalaya,TOTAL,1440193,3848765400.1861496,2021
551,andaman & nicobar islands,TOTAL,636123,1932610101.3236554,2021
552,haryana,TOTAL,169686975,309240599300.4638,2021
553,rajasthan,TOTAL,487621597,903934418544.2667,2021
554,ladakh,TOTAL,630187,2153535138.7802677,2021
555,punjab,TOTAL,52359360,110710126241.99957,2021
556,assam,TOTAL,46020361,104184967893.21591,2021
557,jharkhand,TOTAL,96009042,166017119003.7058,2021
558,odisha,TOTAL,233925366,385251049689.91846,2021
559,bihar,TOTAL,245126945,519371614068.7477,2021
560,kerala,TOTAL,81823741,123342136943.36395,2021
561,karnataka,TOTAL,931725438,1375471324349.8777,2021
562,chandigarh,TOTAL,7898903,14373583510.61845,2021
563,telangana,TOTAL,775989773,1463758189500.9146,2021
564,himachal pradesh,TOTAL,14666864,26136220500.625923,2021
565,west bengal,TOTAL,225029560,462218037262.097,2021
566,gujarat,TOTAL,182987325,342382580053.62726,2021
567,sikkim,TOTAL,1584345,4196783261.6358047,2021
568,nagaland,TOTAL,1631483,4939083784.136465,2021
569,mizoram,TOTAL,553329,1770665741.5230405,2021
570,chhattisgarh,TOTAL,84717494,136399110518.81381,2021
571,jammu & kashmir,TOTAL,16790628,38926237425.771454,2021
572,goa,TOTAL,11088759,18627257115.86965,2021
573,arunachal pradesh,TOTAL,2390598,6943510352.611343,2021
574,delhi,TOTAL,292683359,488695314062.3906,2021
575,uttarakhand,TOTAL,40361280,66148108159.422195,2021
576,puducherry,TOTAL,7359176,12083474905.386654,2022
577,tamil nadu,TOTAL,294573150,512789201600.61597,2022
578,uttar pradesh,TOTAL,473953246,883123174117.039,2022
579,madhya pradesh,TOTAL,472703058,747665139599.6421,2022
580,andhra pradesh,TOTAL,582603911,1294320646554.8625,2022
581,tripura,TOTAL,2871190,6247329764.349836,2022
582,lakshadweep,TOTAL,16397,54939432.65393007,2022
583,manipur,TOTAL,5313679,14144501078.373814,2022
584,maharashtra,TOTAL,1169506438,1681399273981.1614,2022
585,dadra & nagar haveli & daman & diu,TOTAL,4802803,6237048367.262389,2022
586,meghalaya,TOTAL,1674750,4662338331.33188,2022
587,andaman & nicobar islands,TOTAL,794748,2129030202.0751667,2022
588,haryana,TOTAL,191988609,341304042652.78125,2022
589,rajasthan,TOTAL,564962220,1022050180980.1362,2022
590,ladakh,TOTAL,630015,2025040918.8422096,2022
591,punjab,TOTAL,57758302,118389978105.96233,2022
592,assam,TOTAL,58889886,132280437892.70251,2022
593,jharkhand,TOTAL,110911210,194700207087.16907,2022
594,odisha,TOTAL,263633499,451227311779.7898,2022
595,bihar,TOTAL,284390434,611411695731.1454,2022
596,kerala,TOTAL,95280965,139988942464.69464,2022
597,karnataka,TOTAL,1057855407,1566649488305.8838,2022
598,chandigarh,TOTAL,8600491,15174991549.840002,2022
599,telangana,TOTAL,886453385,1670638169828.999,2022
600,himachal pradesh,TOTAL,16088180,26518447439.932728,2022
601,west bengal,TOTAL,260505092,551426663209.5653,2022
602,gujarat,TOTAL,210547146,392548092253.5477,2022
603,sikkim,TOTAL,1744302,4367431275.863418,2022
604,nagaland,TOTAL,1925952,5544951708.895753,2022
605,mizoram,TOTAL,604917,1945158963.6112473,2022
606,chhattisgarh,TOTAL,97413292,157847045454.8349,2022
607,jammu & kashmir,TOTAL,16245311,33147863626.158833,2022
608,goa,TOTAL,12214098,19816445402.846123,2022
609,arunachal pradesh,TOTAL,2804068,7828091628.0873575,2022
610,delhi,TOTAL,330999861,536964920836.2892,2022
611,uttarakhand,TOTAL,44560772,70978782500.07388,2022
612,puducherry,TOTAL,8643687,13778745255.768896,2022
613,tamil nadu,TOTAL,354506937,590134727678.3616,2022
614,uttar pradesh,TOTAL,595298776,1067515182419.9624,2022
615,madhya pradesh,TOTAL,544899829,867024737328.533,2022
616,andhra pradesh,TOTAL,671134030,1479853948202.9194,2022
617,tripura,TOTAL,3418664,6878271042.0352955,2022
618,lakshadweep,TOTAL,17569,55929601.98990567,2022
619,manipur,TOTAL,6105632,14922910635.149328,2022
620,maharashtra,TOTAL,1407533113,2006272382175.94,2022
621,dadra & nagar haveli & daman & diu,TOTAL,5759771,6995159780.810846,2022
622,meghalaya,TOTAL,2044649,5281491421.884784,2022
623,andaman & nicobar islands,TOTAL,1071217,2685920350.080267,2022
624,haryana,TOTAL,234699962,395234035249.5022,2022
625,rajasthan,TOTAL,661170150,1152833518600.3425,2022
626,ladakh,TOTAL,1118073,3543318177.9962664,2022
627,punjab,TOTAL,72272823,137345426369.22662,2022
628,assam,TOTAL,76334725,153111042086.78204,2022
629,jharkhand,TOTAL,132925275,225636227828.13763,2022
630,odisha,TOTAL,313451598,510035012340.00885,2022
631,bihar,TOTAL,360145029,754461454966.1152,2022
632,kerala,TOTAL,106365322,154696329549.125,2022
633,karnataka,TOTAL,1277448960,1867146114059.2139,2022
634,chandigarh,TOTAL,10772489,17283500158.371002,2022
635,telangana,TOTAL,1063382557,1951414544517.1062,2022
636,himachal pradesh,TOTAL,21291371,33709107958.242233,2022
637,west bengal,TOTAL,315742141,648575179584.2422,2022
638,gujarat,TOTAL,252052796,446798000976.83795,2022
639,sikkim,TOTAL,2322081,5611105670.307129,2022
640,nagaland,TOTAL,2031329,5740285349.020275,2022
641,mizoram,TOTAL,643977,2003186567.1089382,2022
642,chhattisgarh,TOTAL,116584048,181181677163.7799,2022
643,jammu & kashmir,TOTAL,23813747,46254290836.635826,2022
644,goa,TOTAL,14216054,22873037759.520226,2022
645,arunachal pradesh,TOTAL,3556925,9131665374.225872,2022
646,delhi,TOTAL,410634184,629855650458.2181,2022
647,uttarakhand,TOTAL,58166878,88313371025.334,2022
648,puducherry,TOTAL,7042727,10854317711.140945,2022
649,tamil nadu,TOTAL,393496175,631879220373.2378,2022
650,uttar pradesh,TOTAL,703589072,1121370050898.7214,2022
651,madhya pradesh,TOTAL,731259559,1032908494249.5833,2022
652,andhra pradesh,TOTAL,642855035,1385077409712.0752,2022
653,tripura,TOTAL,4256579,8648352804.91115,2022
654,lakshadweep,TOTAL,15241,47580009.61750026,2022
655,manipur,TOTAL,6352742,15381430267.299776,2022
656,maharashtra,TOTAL,1486389417,1947579187374.532,2022
657,dadra & nagar haveli & daman & diu,TOTAL,6465621,7520647359.499438,2022
658,meghalaya,TOTAL,4359165,9603300797.121542,2022
659,andaman & nicobar islands,TOTAL,1584379,3310631772.137388,2022
660,haryana,TOTAL,269361810,428054494578.0213,2022
661,rajasthan,TOTAL,767541360,1238489256318.2175,2022
662,ladakh,TOTAL,1190858,3605199350.373912,2022
663,punjab,TOTAL,84177897,149319443006.3546,2022
664,assam,TOTAL,86113811,161489079054.89807,2022
665,jharkhand,TOTAL,146815332,229412884063.95636,2022
666,odisha,TOTAL,386687326,564545557340.5428,2022
667,bihar,TOTAL,437367385,791446486557.8687,2022
668,kerala,TOTAL,119362904,162260419315.42975,2022
669,karnataka,TOTAL,1189761328,1665918232610.94,2022
670,chandigarh,TOTAL,13478173,20559757737.40586,2022
671,telangana,TOTAL,1628165401,2706325865752.0645,2022
672,himachal pradesh,TOTAL,25164868,37380782688.54074,2022
673,west bengal,TOTAL,356792388,704749898612.1294,2022
674,gujarat,TOTAL,303239732,497437502209.44305,2022
675,sikkim,TOTAL,2396758,5162880543.891459,2022
676,nagaland,TOTAL,1894113,5364400495.050829,2022
677,mizoram,TOTAL,659038,1946265612.067956,2022
678,chhattisgarh,TOTAL,158252587,220161558081.9853,2022
679,jammu & kashmir,TOTAL,22534394,40963554502.24847,2022
680,goa,TOTAL,13188687,19574265275.70635,2022
681,arunachal pradesh,TOTAL,3939418,9025110785.048618,2022
682,delhi,TOTAL,475592161,677612647116.1133,2022
683,uttarakhand,TOTAL,63996519,92641259938.36333,2022
684,puducherry,TOTAL,7556127,11142204877.174492,2022
685,tamil nadu,TOTAL,436316636,675689667591.437,2022
686,uttar pradesh,TOTAL,836369071,1376378802069.4858,2022
687,madhya pradesh,TOTAL,898828268,1302999857548.291,2022
688,andhra pradesh,TOTAL,690017077,1424725083041.687,2022
689,tripura,TOTAL,5198190,10452971818.154081,2022
690,lakshadweep,TOTAL,17147,54813873.614936255,2022
691,manipur,TOTAL,6428670,15625956698.341496,2022
692,maharashtra,TOTAL,1688775272,2210470839617.1724,2022
693,dadra & nagar haveli & daman & diu,TOTAL,7189585,8059640746.081128,2022
694,meghalaya,TOTAL,3932448,8996541156.34871,2022
695,andaman & nicobar islands,TOTAL,1987535,3984674404.428784,2022
696,haryana,TOTAL,296648365,490490659880.10236,2022
697,rajasthan,TOTAL,865574848,1456956699398.6523,2022
698,ladakh,TOTAL,1083372,2894477572.6789374,2022
699,punjab,TOTAL,91835180,168107427177.94028,2022
700,assam,TOTAL,103981267,192653519187.54803,2022
701,jharkhand,TOTAL,175300092,277971737448.5812,2022
702,odisha,TOTAL,445714743,652217064523.9851,2022
703,bihar,TOTAL,517084649,936012149674.8281,2022
704,kerala,TOTAL,132960468,173559808599.71005,2022
705,karnataka,TOTAL,1378910371,1904516622907.6313,2022
706,chandigarh,TOTAL,17904840,27879754566.939415,2022
707,telangana,TOTAL,1819506832,2978252562916.1367,2022
708,himachal pradesh,TOTAL,28555136,41779343232.37363,2022
709,west bengal,TOTAL,405847597,787775633607.248,2022
710,gujarat,TOTAL,341156018,567918305336.5343,2022
711,sikkim,TOTAL,3058339,6458385389.419817,2022
712,nagaland,TOTAL,2476205,6969966384.314047,2022
713,mizoram,TOTAL,693774,2037911085.2630136,2022
714,chhattisgarh,TOTAL,177960446,252519180810.47455,2022
715,jammu & kashmir,TOTAL,27316158,44315295915.49408,2022
716,goa,TOTAL,17192674,24924986371.339146,2022
717,arunachal pradesh,TOTAL,4632709,9684909697.502243,2022
718,delhi,TOTAL,515203457,744915016018.5759,2022
719,uttarakhand,TOTAL,77983880,115496046831.35889,2022
